pH Level,Turbidity (NTU),Dissolved Oxygen (mg/L),"Diarrheal Cases per 100,000 people","Cholera Cases per 100,000 people","Typhoid Cases per 100,000 people"
8.4,5.99,7.39,7.8,1.6,0.3
9.56,12.26,4.17,190.8,10.0,29.8
7.72,0.55,5.09,26.2,4.0,0.2
8.64,17.99,3.54,138.9,11.9,20.2
6.63,7.62,8.86,40.4,3.0,0.5
7.38,1.42,6.98,1.7,9.1,1.3
7.12,4.4,7.19,9.2,9.7,3.9
9.4,23.06,3.71,356.3,146.1,89.1
5.81,21.24,3.63,242.3,130.2,35.2
8.8,10.56,2.6,156.7,41.6,20.1
5.98,34.93,2.99,219.1,81.1,52.8
5.96,25.32,4.92,454.7,122.2,46.5
6.58,5.83,5.44,22.0,2.0,4.5
7.63,5.72,5.56,30.2,5.4,1.0
9.54,47.19,4.42,390.0,137.1,86.3
8.29,4.55,8.23,44.8,3.2,0.6
7.35,6.64,8.44,0.3,5.1,2.1
6.74,3.03,8.77,16.2,5.2,3.5
8.44,7.72,6.01,24.9,3.0,1.4
7.72,4.27,5.21,13.9,9.1,1.2
7.48,7.89,5.97,33.6,7.6,1.2
9.45,25.95,4.45,439.5,65.1,65.6
8.22,2.94,5.88,35.6,8.1,1.7
8.38,3.48,7.07,41.9,6.8,3.7
7.58,5.72,5.91,8.7,9.8,2.6
8.49,7.74,7.23,44.1,1.9,1.4
9.78,41.2,3.93,225.2,66.2,92.9
6.52,1.26,7.65,0.3,1.6,2.7
7.8,2.18,7.85,11.9,3.3,3.7
8.2,5.43,7.27,4.7,3.7,1.3
8.45,3.45,8.57,31.6,7.9,2.5
7.49,1.96,7.89,14.0,0.2,3.2
8.38,7.65,8.66,18.5,0.2,4.6
8.43,7.73,8.41,14.7,3.9,4.3
6.84,4.68,8.74,34.8,5.7,0.5
8.48,1.55,7.07,43.9,7.4,3.5
5.54,26.79,2.77,383.5,58.2,30.4
6.89,1.03,6.59,2.5,8.9,0.1
7.38,5.54,6.31,7.8,9.8,4.2
5.38,24.41,2.38,356.7,127.0,45.1
6.67,0.89,7.13,27.0,6.4,3.6
5.77,25.95,3.3,423.2,75.1,42.9
7.36,5.66,5.23,45.8,4.4,1.2
6.87,7.51,7.55,25.8,6.6,2.2
5.07,40.31,2.04,234.8,54.6,32.9
9.21,40.53,4.42,303.9,96.5,75.5
8.4,7.15,6.04,0.8,9.3,2.5
7.87,5.12,8.78,47.2,8.7,3.2
6.02,28.33,3.64,482.4,88.6,97.3
5.29,25.09,2.12,385.5,83.7,75.9
7.86,3.05,6.04,24.8,6.9,1.7
5.06,21.28,2.53,425.2,130.7,99.3
7.24,6.32,6.36,46.5,8.6,2.1
6.13,31.37,3.49,316.9,79.8,37.0
8.42,6.85,6.42,47.8,6.8,2.4
6.67,1.19,7.41,27.7,2.1,4.7
9.9,12.3,3.65,116.2,45.5,13.8
6.79,6.21,7.47,5.1,0.8,3.5
8.14,5.8,5.33,4.2,9.9,1.9
8.13,7.6,8.94,37.7,3.8,0.4
9.14,23.21,3.3,276.1,90.5,70.0
6.15,39.84,3.75,488.7,87.5,50.0
9.94,49.12,3.67,296.8,54.3,94.7
5.38,30.92,3.89,408.7,95.5,73.9
8.3,0.84,6.12,47.5,8.9,2.3
7.05,1.91,6.85,17.7,5.8,0.4
6.48,21.19,3.23,380.8,77.1,39.3
8.38,3.62,7.32,46.0,0.8,4.4
6.83,3.58,8.11,24.0,9.9,1.9
5.59,43.53,3.41,324.4,77.3,33.9
10.0,46.53,3.76,417.8,125.7,56.4
6.91,2.39,6.1,10.4,8.8,3.8
7.04,0.67,6.99,23.8,8.3,1.5
6.45,26.14,2.4,208.6,125.5,73.4
8.7,49.22,3.82,391.0,105.5,36.4
5.82,25.86,3.87,458.7,145.0,40.3
8.89,11.83,3.86,102.1,18.4,19.5
7.57,3.95,7.34,20.0,7.0,0.9
7.32,7.06,7.06,48.7,6.0,1.1
9.02,13.55,2.36,119.1,18.3,14.1
7.88,0.79,8.2,31.4,0.8,4.4
5.09,13.38,3.79,197.9,31.5,28.1
8.02,4.48,7.88,3.1,1.5,0.7
8.19,6.12,5.12,43.4,3.5,2.0
7.97,1.87,7.26,42.0,0.9,2.7
7.19,4.05,6.42,32.4,4.8,2.9
9.38,15.1,2.85,104.5,35.8,19.3
8.47,5.04,5.95,5.1,1.5,1.2
6.87,2.64,5.69,44.8,0.8,2.6
8.46,1.34,6.59,48.5,8.7,4.1
6.84,5.51,8.72,27.8,5.7,1.4
5.28,17.98,4.21,129.5,38.3,24.2
7.51,7.49,6.28,29.7,3.7,2.3
7.6,2.01,7.74,4.4,1.4,0.0
7.45,5.05,8.18,5.3,8.5,3.7
8.37,7.93,5.82,19.0,9.3,3.6
8.06,6.71,8.0,40.0,8.3,0.9
7.77,7.31,6.26,29.4,6.8,2.3
6.35,39.9,3.51,269.7,140.0,56.9
8.31,5.18,5.47,47.0,6.3,1.7
8.09,5.15,7.13,44.7,7.9,0.8
7.0,6.08,5.13,28.5,7.6,4.4
8.14,1.33,8.39,6.4,4.0,4.0
6.96,5.92,7.88,32.1,6.9,2.7
7.19,1.86,8.63,29.2,4.0,2.3
9.38,14.03,2.77,158.9,33.7,7.6
6.19,16.1,3.73,141.0,27.0,23.4
9.18,19.44,2.5,77.9,43.5,13.3
6.95,5.06,6.52,37.2,2.1,3.9
6.73,3.61,8.45,46.1,4.7,2.4
5.88,15.63,2.53,124.8,26.8,27.9
7.66,5.24,5.05,33.2,1.8,4.8
7.33,1.14,8.99,25.1,6.0,0.3
9.85,28.73,3.87,313.3,133.7,71.1
7.93,4.46,7.14,24.1,5.0,3.8
7.17,1.07,8.01,13.6,9.0,2.6
6.47,36.36,2.08,266.6,73.1,77.0
6.71,6.5,5.71,32.6,2.4,0.5
7.94,6.92,8.32,19.9,6.7,1.0
8.29,0.6,5.34,10.4,0.3,0.9
7.34,7.2,8.27,17.1,2.6,1.9
7.04,5.18,6.64,27.6,4.4,1.5
8.71,32.63,4.96,341.3,68.2,63.9
7.98,5.74,6.61,10.9,6.5,2.1
8.3,5.68,7.73,41.1,5.3,4.1
6.63,3.54,6.99,36.0,1.1,0.7
7.03,5.99,6.0,31.7,4.9,2.9
9.66,11.88,2.5,160.7,13.3,20.1
7.28,2.67,6.42,36.0,3.0,2.8
7.83,7.53,7.93,10.7,0.3,1.3
6.6,4.22,7.39,16.7,7.7,0.5
7.96,4.22,7.75,21.7,2.5,4.1
8.91,14.12,2.94,171.1,48.5,24.8
7.54,1.15,8.83,37.9,6.4,3.8
9.97,29.58,2.66,496.3,144.4,32.8
6.39,28.93,2.94,236.2,123.1,43.5
7.34,6.47,7.98,2.7,4.6,2.6
7.8,3.24,7.24,24.1,8.8,2.7
7.31,4.79,8.22,26.9,6.6,3.7
7.35,7.07,6.67,23.1,9.9,0.0
7.27,7.49,5.28,0.5,0.5,0.4
7.46,4.86,6.09,19.9,0.9,1.7
7.96,0.53,6.87,14.9,8.5,3.6
7.05,7.33,5.18,5.5,3.9,0.6
8.89,26.7,4.64,483.4,96.7,72.9
8.48,2.24,8.77,32.5,6.1,2.6
6.85,2.15,5.75,39.0,3.5,0.3
9.89,31.0,2.78,354.6,99.1,99.7
5.7,31.48,3.78,374.0,59.1,91.4
6.76,7.17,8.82,43.1,8.1,3.3
6.67,3.56,6.49,13.0,7.2,2.5
6.94,5.62,5.3,42.6,5.0,2.4
8.15,3.11,7.71,28.3,2.7,4.4
5.99,16.42,3.0,85.8,47.2,7.6
6.88,7.11,8.85,23.3,8.8,0.0
9.86,42.72,4.5,352.2,50.6,50.1
8.46,5.24,6.04,31.7,5.4,3.9
8.02,4.56,8.85,17.1,6.3,4.7
8.37,5.66,5.27,15.0,7.1,0.3
7.19,5.16,5.18,43.6,9.7,4.8
5.2,12.63,4.46,105.8,42.8,11.3
6.82,4.01,8.78,5.1,8.5,2.6
5.45,37.22,3.96,282.0,145.1,40.6
8.39,3.65,7.55,19.9,2.7,4.9
8.29,2.22,5.85,1.6,6.5,1.8
9.95,18.15,2.27,73.0,28.1,18.3
8.09,2.71,8.65,48.4,1.9,2.3
7.7,5.05,5.99,27.9,2.3,0.8
7.15,4.93,6.73,49.2,1.5,2.3
7.29,7.81,7.89,32.8,7.6,4.8
6.09,19.68,4.96,71.4,30.0,20.5
8.51,12.9,3.6,182.4,13.3,25.6
7.14,7.83,5.8,34.7,8.2,0.2
8.4,1.43,8.58,29.7,6.2,3.1
8.37,7.61,7.5,39.2,6.1,2.4
7.61,4.98,8.14,24.0,0.4,0.8
7.95,4.95,7.6,24.0,6.2,1.6
7.99,7.04,6.73,2.2,1.6,0.1
7.16,4.57,6.97,4.1,4.0,1.1
6.91,6.8,5.7,48.0,4.2,4.2
7.97,6.26,7.02,27.2,5.1,2.9
7.29,5.05,7.39,39.6,6.6,5.0
7.22,3.38,6.86,41.8,2.4,3.9
7.7,5.24,6.49,25.6,4.1,0.3
6.69,3.54,7.37,29.0,6.6,0.5
7.12,3.49,8.43,0.5,5.9,3.0
6.97,2.26,8.53,22.1,3.3,2.2
6.79,3.87,7.35,47.4,2.5,1.8
7.71,3.18,7.13,39.1,7.1,2.2
9.31,20.79,2.17,359.4,143.7,32.8
7.4,7.5,6.26,25.4,0.4,0.7
8.51,22.93,4.92,374.0,75.4,66.5
7.56,1.44,5.53,7.2,9.4,3.7
6.88,5.98,5.62,11.7,9.6,1.3
8.46,3.31,5.07,12.2,8.3,4.3
9.69,37.06,2.65,397.7,89.4,75.6
7.82,8.0,5.19,48.9,4.1,4.4
9.61,36.02,4.3,477.7,93.8,93.1
5.48,14.81,3.63,50.9,23.0,14.2
7.89,3.41,6.79,11.9,3.7,1.1
7.71,5.51,7.48,23.2,3.8,4.3
7.46,0.69,6.36,19.0,4.0,2.9
7.72,6.24,8.25,35.9,9.6,0.1
6.52,5.36,8.59,12.2,9.3,0.3
5.53,34.69,3.57,401.0,143.0,67.3
6.68,5.88,6.6,48.8,8.2,2.6
8.22,6.5,5.74,14.8,7.9,0.9
8.63,32.01,2.13,389.9,145.1,72.1
6.33,35.86,2.52,308.2,140.6,83.9
7.01,2.77,7.93,42.6,6.7,4.0
5.22,16.72,4.21,179.4,18.7,7.4
7.78,5.05,7.19,11.6,3.9,3.0
8.48,1.52,7.78,20.2,4.3,3.6
8.48,1.46,5.42,36.2,5.8,1.4
6.67,7.21,5.77,16.2,2.3,1.8
7.54,1.01,8.2,11.7,5.4,4.4
7.57,2.93,6.33,33.5,9.9,3.3
7.96,3.99,5.24,28.1,9.6,0.9
6.9,4.52,5.39,22.5,7.6,1.7
8.09,7.45,5.94,20.0,1.5,5.0
5.81,13.72,2.77,168.2,44.6,20.2
6.82,0.97,5.47,11.4,3.4,1.9
6.98,4.32,8.3,14.0,9.4,4.4
8.07,4.81,7.27,19.6,5.0,2.0
7.76,5.56,7.13,36.1,1.4,1.1
5.48,37.8,3.04,492.7,114.1,87.6
8.22,7.42,6.95,30.3,7.6,0.9
7.3,1.6,6.47,3.4,0.3,0.7
9.95,33.77,4.81,462.8,77.8,89.6
6.54,5.02,6.46,19.3,5.6,1.0
7.47,6.16,7.48,14.9,4.3,0.9
8.07,2.49,5.71,34.6,6.2,3.2
6.97,2.16,5.7,32.8,8.5,3.6
5.61,24.71,3.24,448.3,123.4,83.9
7.33,4.11,5.08,13.0,7.6,0.7
6.93,0.59,5.96,48.8,8.0,4.8
6.72,4.61,6.82,42.2,1.0,2.4
7.15,6.03,6.9,18.8,3.9,2.3
6.34,36.35,4.83,442.7,57.6,49.6
9.67,35.49,3.98,468.5,113.7,73.0
7.54,1.63,7.95,25.6,6.8,0.2
7.93,1.04,5.29,0.6,9.6,3.7
7.09,3.12,8.1,33.1,1.9,0.9
7.82,6.23,6.06,1.0,0.8,4.8
8.04,5.18,6.53,10.3,1.2,3.1
9.3,45.83,2.97,237.6,97.4,38.0
8.34,4.41,7.47,7.8,0.4,0.6
6.69,3.32,7.2,19.4,1.6,1.4
6.01,35.83,2.86,444.8,136.1,89.3
5.38,49.14,4.24,367.3,68.1,33.8
8.01,2.52,7.16,36.4,1.1,3.4
8.43,4.16,5.6,17.1,4.1,3.8
5.92,37.56,4.62,390.9,126.1,41.2
6.52,2.35,7.91,49.6,1.0,2.0
9.33,42.6,3.84,406.4,87.5,67.7
8.2,6.8,8.33,0.6,7.5,3.8
8.01,6.81,6.88,25.1,1.2,1.9
8.06,2.13,5.55,33.2,0.0,0.9
6.83,1.86,6.55,20.1,8.7,2.6
8.84,32.43,3.81,402.9,130.5,48.9
8.62,37.82,4.24,494.6,71.0,87.8
7.25,1.42,7.94,11.8,3.7,0.3
9.6,35.7,3.26,390.9,128.6,38.3
8.18,3.38,7.29,29.4,1.8,1.8
6.55,0.68,8.33,13.7,5.2,1.5
5.39,25.08,3.39,344.3,93.5,95.6
5.95,29.86,3.31,418.9,126.6,41.1
6.77,6.14,7.63,47.8,0.7,0.3
7.02,2.35,8.63,12.5,2.7,3.8
8.05,0.99,6.95,1.7,0.6,4.5
7.56,3.58,6.39,45.0,0.2,3.3
9.91,43.11,4.36,387.3,99.4,98.6
7.95,1.93,6.35,15.4,9.5,4.8
6.54,5.9,6.67,4.4,6.8,2.7
5.34,12.71,4.12,131.5,13.3,16.5
6.83,7.59,8.4,33.5,4.6,2.1
7.59,0.97,7.05,40.3,4.6,0.3
8.89,31.79,4.28,426.2,51.8,38.8
6.82,2.42,8.79,28.0,7.5,2.8
6.69,3.08,6.13,19.5,8.0,1.9
7.29,1.2,6.76,9.8,1.9,0.5
8.01,2.57,6.25,32.1,2.0,4.5
7.4,4.68,5.66,30.7,3.6,4.5
7.51,4.99,5.13,18.2,7.3,4.1
8.1,7.76,8.43,5.9,7.4,1.6
8.68,35.39,2.5,464.6,92.7,41.4
7.62,4.46,7.88,44.5,0.8,3.7
8.22,6.64,7.16,35.5,3.1,2.4
9.04,42.77,4.64,357.6,74.4,37.9
7.94,3.65,8.62,37.0,1.9,3.1
7.65,6.04,8.22,42.2,2.5,0.2
8.97,12.79,2.52,178.4,19.1,25.9
7.79,5.71,7.05,15.3,2.1,0.2
7.81,7.54,8.48,38.3,7.9,3.3
8.31,5.53,7.24,5.5,4.5,2.3
9.07,42.09,3.44,205.4,92.1,31.9
9.56,46.43,4.26,441.5,51.8,97.4
9.74,35.4,3.35,265.5,62.0,34.8
6.59,4.75,6.14,41.2,0.7,1.1
8.6,44.09,4.0,378.0,139.2,43.0
6.98,6.46,5.14,29.1,10.0,4.3
6.63,6.74,7.4,5.7,0.9,4.5
8.16,7.09,7.29,25.9,4.3,1.6
8.05,5.01,8.57,22.2,6.1,3.2
7.91,2.28,7.05,5.2,3.8,2.4
8.4,5.0,7.97,25.3,6.3,0.4
7.22,4.04,5.18,7.0,2.8,4.9
7.46,1.97,7.44,14.0,2.1,2.6
6.52,2.14,5.15,5.4,3.4,4.0
7.53,2.7,8.73,19.9,0.9,3.1
7.19,4.31,8.5,24.7,7.0,5.0
7.05,3.46,6.69,20.6,9.1,3.6
7.12,6.68,8.82,41.1,0.0,3.2
7.02,0.95,7.42,34.3,1.1,1.9
7.24,1.41,6.68,37.6,0.7,0.4
8.38,5.51,7.71,18.1,5.9,0.1
8.33,5.09,8.49,36.2,1.2,4.5
7.57,1.57,5.05,21.1,3.0,2.4
6.59,1.42,7.23,17.2,7.3,3.3
6.04,13.1,3.63,179.3,33.6,10.7
7.4,4.84,8.04,4.9,8.9,0.1
6.55,3.45,7.1,25.6,1.7,3.2
8.02,7.6,6.36,25.9,3.8,0.0
8.08,4.97,5.41,42.4,5.3,4.2
7.62,1.29,5.67,48.6,2.3,4.9
6.77,1.24,5.84,46.3,4.1,2.0
6.79,4.16,5.52,41.8,3.7,1.9
7.39,7.96,7.18,4.4,6.1,0.8
8.44,6.3,8.92,23.9,5.3,0.8
8.18,3.17,8.31,35.5,1.8,2.5
6.97,6.73,7.18,8.3,5.8,5.0
8.13,2.05,8.13,36.7,3.0,1.6
9.6,11.58,3.43,131.5,19.1,29.1
9.3,11.52,4.24,132.4,12.3,22.0
6.57,7.77,8.8,25.6,0.9,3.8
7.1,4.19,7.09,28.1,4.4,3.0
5.54,49.23,3.22,448.3,126.5,70.1
8.66,10.13,3.92,94.8,19.6,12.8
6.56,7.79,5.88,36.7,7.6,4.6
8.24,4.45,7.53,32.2,8.2,1.7
5.79,49.91,4.03,448.5,79.5,31.0
6.25,10.23,4.81,173.3,42.4,27.1
9.1,13.11,3.22,111.1,12.6,13.7
8.12,7.61,5.29,47.8,5.2,1.5
7.5,6.46,7.83,2.5,0.7,2.0
6.96,2.61,8.21,46.5,4.1,4.5
7.45,2.2,7.56,48.9,6.0,1.8
6.75,7.16,7.01,22.5,5.9,3.1
7.87,2.31,7.86,41.1,8.0,2.8
6.79,6.32,6.09,24.8,2.8,0.7
6.61,6.11,6.27,0.0,5.1,0.2
7.91,0.97,8.36,0.2,2.5,3.7
6.7,3.2,6.08,42.1,3.1,3.9
9.86,47.45,4.03,234.8,54.2,69.5
6.27,16.68,4.14,150.0,48.6,24.0
6.05,29.02,3.9,499.8,60.5,64.9
8.23,4.07,5.44,31.7,7.7,0.0
9.33,44.01,2.64,397.2,97.2,91.6
7.86,5.06,6.18,6.8,6.5,3.7
7.79,3.46,7.85,10.0,8.9,1.4
6.62,1.34,7.06,13.4,8.4,0.1
7.17,0.64,5.5,20.7,4.9,2.0
7.69,0.57,6.86,48.2,5.2,3.4
8.05,6.3,7.09,48.8,1.3,0.1
8.68,27.42,3.0,302.5,123.9,45.6
7.64,4.76,7.65,27.4,8.8,3.4
8.16,5.05,6.16,10.4,1.5,4.5
6.41,39.9,3.42,217.4,145.8,96.0
6.49,32.45,4.33,261.5,122.6,73.4
6.27,15.88,4.43,145.4,25.5,21.9
7.19,7.38,6.16,23.5,8.9,3.5
6.79,0.56,7.52,22.4,1.3,4.8
6.98,4.25,7.72,3.8,2.7,4.0
7.59,3.75,5.18,8.3,4.5,1.0
8.19,7.86,8.17,42.7,2.4,4.8
8.4,7.96,7.85,49.1,5.7,1.3
7.69,1.05,7.49,49.1,1.9,4.0
6.42,48.12,4.9,317.8,135.4,84.1
6.96,3.94,8.13,48.0,7.6,4.3
8.17,6.38,6.51,27.6,8.0,0.2
9.27,13.82,3.29,54.4,29.2,21.6
7.08,3.48,8.68,49.7,0.4,3.8
7.28,6.16,8.67,47.5,5.8,1.8
5.38,26.62,4.54,470.7,137.7,98.2
8.18,6.14,5.91,47.8,1.5,3.4
7.36,5.89,7.25,21.4,3.3,4.2
7.36,7.28,8.38,20.0,7.6,4.1
8.81,17.45,2.99,178.3,18.3,6.8
8.38,4.3,6.64,40.5,8.4,1.7
8.04,5.41,5.61,43.8,5.4,1.4
6.58,1.46,8.06,0.0,4.2,2.6
8.45,2.2,6.22,15.2,2.3,0.0
6.45,35.63,3.25,427.7,111.0,92.7
5.38,24.84,4.71,442.0,148.5,82.8
7.68,5.46,5.31,27.2,7.1,0.8
9.93,29.27,3.09,484.8,113.2,39.1
8.06,5.81,5.69,48.6,4.5,0.8
6.7,6.53,5.49,6.3,8.5,1.7
6.6,1.57,5.85,33.3,1.6,0.6
9.15,29.85,3.14,248.9,128.6,81.4
6.55,6.79,5.05,35.2,9.7,2.2
7.91,6.63,7.19,48.4,0.5,2.5
8.77,38.58,4.86,268.0,137.9,86.6
7.75,2.87,8.27,25.1,0.7,1.6
6.28,10.49,4.02,57.8,32.0,12.2
7.21,5.16,6.34,36.6,4.0,0.3
5.43,37.1,2.22,261.6,88.1,98.7
6.1,26.73,4.25,230.4,77.8,49.3
8.46,1.01,7.07,9.0,9.7,0.6
7.98,5.78,6.69,17.3,4.0,1.3
7.47,2.51,6.15,32.8,9.7,3.0
6.65,7.64,6.19,4.6,6.0,3.1
7.03,0.61,8.86,12.5,6.8,3.5
7.13,2.53,7.39,43.3,9.5,0.5
8.39,6.02,8.53,10.1,5.9,3.5
7.32,0.62,7.33,12.7,4.5,4.8
8.18,1.91,7.69,48.9,1.0,0.0
6.69,6.11,8.66,21.7,2.6,2.2
5.01,31.88,4.01,410.3,70.4,75.8
9.87,19.94,2.64,90.6,19.9,6.6
7.97,5.05,7.69,4.1,9.5,4.2
6.23,41.47,3.19,354.1,75.3,99.1
8.04,3.71,5.82,40.0,3.3,4.3
6.29,28.17,3.89,274.5,120.5,59.9
7.8,7.52,5.26,41.2,2.9,2.2
7.1,4.27,5.22,24.6,9.3,0.5
5.61,46.96,2.34,354.9,128.7,96.0
6.08,14.42,2.87,96.5,20.0,17.9
7.21,3.15,8.31,39.5,3.1,4.6
9.03,20.86,2.7,295.6,140.4,35.4
5.52,37.08,4.51,457.6,124.8,60.7
6.82,5.55,5.72,34.7,2.3,0.6
6.5,5.89,7.93,25.7,1.6,0.4
6.83,7.18,5.97,17.7,1.1,1.1
7.72,2.34,5.23,19.6,2.3,1.1
5.92,40.15,4.61,403.7,91.2,82.8
7.16,4.6,7.3,1.1,9.5,3.5
8.37,3.79,8.92,25.6,1.1,3.8
8.05,7.64,8.11,30.6,8.6,3.4
8.27,2.16,7.86,44.1,7.3,3.5
5.7,29.4,3.0,437.5,95.1,42.8
6.32,26.39,3.94,204.7,78.1,44.6
7.46,1.86,7.97,42.4,5.5,4.9
7.53,7.92,5.93,47.1,0.4,2.2
7.96,5.06,7.83,18.7,3.7,0.2
8.36,3.34,8.33,42.1,3.7,3.2
6.71,0.86,7.32,21.3,5.5,2.6
7.85,6.19,5.06,10.4,7.1,1.9
7.19,3.43,5.63,12.9,6.1,2.2
9.31,16.26,3.42,157.5,20.8,10.1
6.98,2.11,6.7,45.4,5.1,0.9
7.89,3.37,8.29,33.0,8.0,1.4
7.03,7.54,7.55,16.2,2.7,1.0
6.94,4.96,6.06,33.1,8.1,3.9
5.28,39.91,2.45,265.2,96.4,48.5
8.28,6.68,7.52,42.9,7.8,2.1
7.53,6.02,6.75,33.3,0.9,3.7
6.06,49.96,2.98,424.5,130.7,90.1
5.36,22.72,4.88,467.5,134.9,58.4
6.66,2.84,5.06,0.9,9.2,3.5
6.77,4.34,5.02,46.9,4.1,2.0
6.64,5.29,7.93,33.8,1.4,2.9
8.24,3.34,6.49,30.9,6.3,2.3
7.49,6.96,6.84,47.0,5.0,4.7
9.8,47.67,2.5,350.1,119.1,78.8
7.05,1.67,7.54,30.0,1.8,3.5
7.84,6.78,5.68,1.0,7.8,3.0
8.18,6.52,8.84,26.8,4.9,2.0
7.65,2.58,8.69,29.2,5.9,1.8
6.56,3.68,5.34,30.3,8.8,4.4
6.92,6.97,8.54,9.8,7.4,1.4
8.55,37.65,3.81,385.7,144.1,84.3
7.2,3.77,6.58,33.5,8.9,1.5
8.08,3.62,5.67,23.7,0.6,4.7
7.38,4.47,8.94,8.3,1.1,0.0
6.91,5.23,5.88,1.0,8.3,1.8
7.1,7.82,5.68,44.9,7.8,0.4
5.41,22.1,3.69,441.1,63.7,70.6
6.79,5.18,6.09,24.4,0.8,2.3
8.14,0.93,6.67,22.9,7.3,2.9
8.05,6.97,6.26,26.9,8.4,4.9
8.79,28.83,3.97,367.9,118.7,76.1
8.1,1.42,7.79,20.8,5.1,4.5
6.23,33.17,3.47,393.4,73.0,68.7
7.82,1.56,7.28,9.3,2.8,1.1
8.15,2.64,8.71,48.5,5.7,0.7
8.1,3.26,5.35,27.8,8.5,4.0
7.85,2.15,5.87,43.7,2.5,1.3
8.24,6.44,7.51,37.5,1.5,2.3
6.69,4.15,8.68,2.0,2.9,1.0
8.32,4.01,6.87,38.0,1.5,2.4
7.69,8.0,8.08,19.9,8.3,0.9
6.91,3.05,7.04,30.8,9.1,2.5
6.6,0.76,7.2,21.9,8.4,0.8
7.4,2.28,5.2,36.2,1.1,3.0
6.85,3.35,8.21,19.6,7.5,0.6
5.36,43.4,4.78,309.8,81.8,82.5
6.68,2.62,6.67,14.6,3.3,1.5
7.77,4.98,7.61,9.6,3.0,3.1
7.51,3.13,8.65,17.0,4.6,3.4
7.19,3.77,8.18,13.9,1.4,1.6
5.13,47.42,2.56,311.8,142.9,34.3
6.83,4.96,5.6,48.4,4.5,2.5
7.44,5.46,8.0,37.7,5.8,4.5
6.14,28.5,4.59,274.8,121.7,89.9
8.01,2.71,6.2,5.4,4.4,3.6
9.79,14.8,4.2,129.7,21.5,17.3
7.69,3.75,5.66,5.8,5.5,4.5
7.97,5.44,8.73,41.0,5.7,3.3
5.6,13.31,2.76,167.0,13.9,6.9
6.68,4.89,5.91,44.8,7.8,3.5
8.23,2.17,8.49,39.5,7.5,2.8
7.35,6.45,5.13,39.1,2.4,0.7
6.55,4.43,5.87,49.5,5.7,0.7
8.3,6.09,5.31,44.8,7.9,0.8
7.61,1.67,8.34,17.9,9.1,2.8
6.78,4.82,8.05,39.1,2.8,1.0
7.86,1.07,6.68,30.1,9.4,1.6
7.81,5.14,6.33,46.4,8.4,1.1
7.52,6.3,5.18,34.7,6.5,1.2
8.38,0.85,6.28,21.9,9.0,4.8
8.0,4.49,7.15,13.9,2.2,1.4
6.56,7.3,5.63,11.0,5.2,3.6
7.14,7.77,6.05,15.7,8.4,0.3
7.26,2.87,6.14,4.6,3.1,0.2
9.17,15.86,4.5,131.0,43.8,15.8
8.33,2.38,8.38,24.2,5.1,1.5
7.15,0.79,6.09,0.3,9.8,4.8
7.96,3.09,7.68,40.3,9.5,2.0
5.4,49.9,2.57,337.9,93.1,51.3
6.63,7.15,6.68,24.8,9.2,3.9
7.63,3.82,8.19,36.2,6.9,1.7
8.74,16.52,2.7,53.6,43.4,29.4
6.96,7.01,8.71,21.0,0.5,0.2
7.29,0.71,7.33,0.6,7.9,1.5
7.68,3.48,8.9,27.2,2.8,3.5
8.31,3.31,7.2,2.5,4.3,4.2
5.34,13.5,2.27,79.0,12.0,20.7
7.06,2.99,7.65,43.5,7.6,3.6
7.89,4.65,5.87,10.4,3.0,4.6
7.97,3.1,6.63,6.3,1.7,4.1
7.18,6.52,5.99,48.8,3.4,1.7
6.74,1.33,7.59,43.8,7.9,0.7
6.71,0.84,7.63,26.8,0.8,0.2
5.05,49.54,4.93,438.1,115.9,70.4
9.2,27.37,3.34,385.6,116.5,65.0
6.55,3.72,6.12,6.5,1.0,3.0
7.01,4.03,6.97,9.8,6.5,3.9
5.9,15.04,4.94,151.1,43.9,13.1
7.69,5.02,7.73,28.8,4.3,1.4
9.54,22.95,3.98,395.7,75.1,75.5
6.74,5.76,5.45,49.8,1.8,3.0
6.75,0.71,7.49,40.3,8.4,2.4
9.59,21.84,3.99,489.6,55.0,92.3
7.63,4.25,5.28,4.5,6.0,1.7
8.71,49.66,4.18,435.4,149.4,72.4
8.18,5.11,7.32,12.7,7.6,0.4
5.49,10.65,4.19,98.5,36.6,18.9
6.77,1.21,8.33,45.9,6.5,0.5
7.96,6.35,5.47,0.0,7.1,1.8
6.53,4.55,8.4,47.9,5.7,2.6
7.6,3.35,7.43,19.4,2.4,0.5
6.69,1.83,8.95,22.2,5.3,4.4
9.72,29.06,2.95,346.7,136.0,71.5
7.23,6.04,7.67,6.0,5.7,1.3
5.64,34.77,2.56,207.7,78.5,61.0
8.2,1.97,5.5,48.2,1.1,2.4
7.58,1.15,5.23,5.3,5.9,2.7
7.78,6.65,5.17,24.9,6.9,1.3
7.73,7.23,8.24,29.2,7.3,1.8
7.43,1.92,7.81,27.8,3.6,4.6
7.13,0.93,8.07,35.1,3.3,3.4
8.01,3.91,6.65,46.7,2.5,0.6
8.44,3.33,5.25,17.0,5.1,0.8
8.5,3.89,6.42,20.0,1.2,4.4
7.27,5.45,6.77,32.4,0.6,4.1
5.97,17.22,2.79,128.8,14.4,26.7
6.83,5.57,5.15,31.0,7.0,1.1
7.23,1.24,5.47,12.7,3.0,2.6
7.69,1.61,5.69,43.9,5.6,4.3
7.73,4.43,6.28,23.5,5.0,1.0
8.08,7.37,6.44,15.3,2.0,3.4
8.48,2.94,6.58,30.2,8.0,2.3
8.49,0.58,8.58,7.5,7.9,3.1
8.25,0.6,5.91,28.3,3.5,3.1
6.73,1.45,5.76,23.0,7.5,4.5
5.3,33.52,3.06,439.9,105.5,87.8
8.07,4.99,6.66,47.9,5.4,3.0
7.75,4.79,5.74,3.0,6.0,3.8
6.95,5.5,5.32,22.1,1.6,0.9
7.27,0.88,6.59,25.6,4.8,1.9
5.22,11.03,3.66,128.1,49.8,10.0
6.73,7.38,8.11,41.1,9.0,2.6
7.16,4.92,6.82,22.6,9.4,4.9
9.52,24.33,4.97,405.3,144.9,40.0
7.61,1.08,5.02,33.5,6.4,2.1
7.33,0.68,6.34,8.9,1.0,4.8
7.96,2.87,6.57,11.8,1.0,0.9
9.32,23.28,4.34,331.1,112.8,75.3
9.53,43.22,2.67,319.8,91.0,98.5
8.1,3.01,7.92,21.0,5.8,4.2
8.59,45.61,3.96,337.9,117.6,73.3
6.62,5.25,8.08,49.7,0.1,3.7
7.37,1.46,6.64,17.7,3.0,3.7
9.91,33.02,2.48,341.5,105.3,69.9
7.98,0.69,6.42,39.0,5.6,1.3
7.63,6.47,7.94,30.5,4.9,0.7
7.34,4.99,7.05,14.4,0.1,2.5
7.97,0.68,7.34,47.1,1.7,2.4
7.75,4.63,6.63,26.1,9.0,1.0
8.22,4.83,8.56,29.8,8.1,2.1
6.37,16.58,2.54,168.6,25.4,15.9
7.68,1.01,8.33,8.9,7.2,3.9
5.87,42.47,2.04,394.8,116.9,85.9
8.73,38.28,3.99,442.3,138.6,87.1
7.97,2.06,5.53,31.9,3.2,0.3
6.5,7.27,5.1,10.5,4.2,1.8
9.27,26.43,2.63,493.0,114.6,95.4
8.06,6.24,7.77,48.3,3.9,0.7
7.96,4.81,5.83,25.2,3.1,2.1
7.99,2.24,6.62,13.5,2.0,3.9
5.56,40.61,2.43,397.3,114.2,31.8
6.35,19.94,2.95,171.3,45.0,12.6
6.29,46.47,2.29,456.0,82.8,33.8
6.96,2.33,6.22,3.2,1.8,0.0
6.67,5.62,5.94,47.2,8.7,1.4
6.2,39.68,4.03,275.7,137.3,41.8
7.93,4.07,8.4,19.2,1.7,4.2
6.88,5.9,7.04,30.2,4.6,4.1
8.66,28.75,4.12,476.7,64.2,51.3
7.72,2.8,6.3,3.5,3.5,4.3
7.89,5.22,8.45,6.6,9.8,2.9
8.83,24.77,3.07,303.2,102.1,60.8
9.26,12.53,3.19,121.1,28.1,26.7
7.44,3.58,8.27,44.8,8.5,3.4
7.05,0.85,8.72,33.0,7.5,1.6
5.39,12.19,2.61,112.8,18.8,5.0
6.27,40.11,4.2,462.9,122.3,46.2
5.46,24.99,3.86,415.6,61.1,32.5
8.58,20.98,3.87,224.3,95.2,81.7
8.13,7.08,8.09,33.6,0.3,2.7
8.12,2.91,7.25,14.0,7.8,4.4
8.23,2.5,7.14,42.9,3.3,4.8
6.54,7.28,5.27,49.6,9.5,0.7
6.87,3.71,5.25,11.2,3.6,2.2
9.61,14.27,4.86,59.0,21.9,12.5
6.83,6.37,5.49,31.7,1.2,0.4
5.29,14.75,2.52,121.5,39.5,8.5
7.47,2.09,5.46,41.8,5.0,0.1
9.41,21.56,3.13,318.0,104.5,41.2
6.84,2.83,7.01,39.8,7.4,3.2
7.59,1.16,6.51,20.7,0.4,1.4
6.43,37.98,4.56,234.7,120.6,65.3
9.43,41.01,3.03,388.3,69.2,40.2
9.83,37.86,4.77,446.1,106.2,77.0
9.74,42.58,3.15,239.7,69.7,46.6
7.79,5.01,7.78,18.1,8.2,1.0
8.1,1.85,5.44,44.2,3.4,3.4
7.88,2.87,5.22,30.5,2.4,1.9
6.79,2.73,5.36,45.5,0.1,2.4
7.12,7.45,5.65,48.3,2.1,3.7
8.27,4.65,7.14,9.8,1.7,4.6
7.24,6.2,6.36,47.6,7.4,3.0
5.07,18.66,4.62,63.1,29.5,22.3
7.75,6.72,5.76,45.9,5.5,1.5
7.12,5.94,8.19,41.6,9.9,4.0
7.18,4.58,5.16,37.2,4.5,0.1
7.27,4.88,6.86,31.0,4.8,3.3
6.73,4.97,6.94,1.3,3.8,0.5
7.29,5.1,8.22,15.0,9.6,2.7
7.86,5.5,7.04,21.4,0.5,0.1
7.17,3.41,5.55,36.9,8.6,4.7
7.9,6.92,6.67,15.5,9.4,2.6
6.86,1.31,8.37,30.7,3.3,1.0
7.67,2.05,8.41,4.2,3.6,3.4
8.16,6.05,8.16,6.0,1.4,1.4
8.0,6.77,7.82,46.4,7.4,1.5
7.89,1.95,5.37,26.6,8.2,0.5
6.22,34.02,2.5,313.9,111.7,97.9
9.64,17.35,2.99,123.1,11.0,11.2
7.06,1.52,7.91,40.7,2.6,3.9
7.51,6.92,8.0,40.3,1.4,0.3
8.93,39.49,2.11,342.4,83.6,94.4
7.61,6.05,6.94,4.3,9.7,2.6
6.97,4.13,6.72,3.7,1.1,4.2
6.89,4.29,8.07,3.1,5.8,0.6
6.61,6.76,5.47,2.3,4.4,4.2
7.34,0.8,6.8,28.9,5.7,1.7
6.71,3.25,5.4,38.3,9.7,4.9
9.55,43.93,4.06,287.0,70.1,48.6
6.69,3.64,5.45,8.6,5.5,0.8
7.13,2.15,7.06,5.1,7.5,4.5
9.79,13.19,4.05,189.9,33.0,8.2
8.03,3.55,8.52,32.4,9.0,3.1
7.12,2.01,8.64,38.0,6.8,1.5
8.01,4.06,5.9,30.8,0.4,1.6
6.8,7.88,5.84,6.5,2.0,3.8
7.63,0.66,5.14,22.3,8.2,4.4
7.58,7.35,6.55,41.5,1.3,4.7
9.51,13.97,3.29,144.3,18.6,20.7
6.5,39.54,2.19,316.2,78.3,51.3
5.96,26.21,2.72,388.7,114.0,89.5
9.48,40.25,3.18,382.5,94.5,82.0
6.62,2.75,6.9,8.4,3.5,2.0
7.67,7.13,5.61,29.9,6.6,2.1
9.26,47.36,2.39,439.2,100.8,82.5
7.53,6.93,6.87,18.0,5.4,3.6
8.38,2.71,6.9,37.8,6.9,4.3
5.64,26.69,4.63,261.2,132.6,69.0
8.44,4.34,6.16,23.5,8.6,1.5
6.76,2.73,8.12,23.6,2.3,0.8
8.38,3.07,8.95,24.3,1.8,4.5
7.92,7.88,5.2,4.8,7.2,1.4
6.58,0.66,8.1,6.7,4.7,3.0
6.55,6.38,5.04,38.1,8.9,2.2
7.45,3.42,8.55,44.7,3.4,3.1
9.26,31.89,4.67,278.8,97.2,52.7
6.24,12.2,3.74,62.4,16.2,16.0
7.02,2.87,5.35,15.2,9.7,4.7
7.64,7.32,5.02,40.5,9.5,0.5
8.42,4.53,5.06,12.9,4.5,3.5
6.49,19.47,4.65,64.5,12.2,8.2
8.19,0.94,6.09,5.2,3.0,0.5
6.77,6.89,8.27,0.7,9.0,0.1
6.56,3.02,7.06,39.8,3.4,3.5
8.0,2.27,5.57,9.3,1.8,2.6
5.12,15.58,3.71,180.2,33.3,23.0
6.68,3.93,6.58,43.4,2.4,4.8
9.02,43.5,2.97,466.7,66.1,42.1
6.74,2.23,5.43,41.1,1.4,3.7
8.4,5.83,5.03,38.2,5.1,3.9
7.78,6.4,6.62,0.1,8.5,1.9
6.52,4.19,8.95,13.9,4.0,3.4
5.63,15.35,4.86,60.9,18.0,13.7
7.59,1.44,6.16,11.9,2.1,2.1
9.05,44.65,4.61,325.5,94.4,51.2
5.54,41.11,4.57,453.5,86.0,78.1
6.62,5.76,5.04,20.5,3.3,3.5
5.46,42.64,4.95,472.9,135.2,33.7
7.64,4.49,6.83,19.8,4.3,2.8
7.02,4.39,7.89,8.7,5.5,3.6
6.55,3.87,6.19,46.5,1.2,3.3
7.39,4.65,6.19,22.8,1.6,1.5
7.1,7.25,7.51,21.9,0.4,2.5
5.4,11.38,3.92,62.2,27.4,12.3
6.77,5.69,8.18,8.2,1.0,0.7
5.79,46.43,3.31,238.7,124.2,75.0
7.74,2.15,6.78,45.0,1.3,1.9
9.18,14.5,4.21,91.3,35.6,13.5
8.92,36.17,4.99,222.5,72.3,58.6
6.54,1.19,7.72,44.0,5.1,2.7
8.04,6.14,7.35,10.6,1.0,0.3
8.15,6.94,6.85,39.2,9.5,1.4
8.36,3.04,8.66,49.1,6.6,4.1
8.96,22.63,2.38,396.7,54.0,71.8
6.34,29.76,4.61,421.0,100.1,70.1
8.38,3.14,6.78,33.6,3.3,1.3
6.55,5.91,7.06,30.3,6.3,2.6
7.87,6.15,7.91,43.5,1.9,2.0
8.69,11.96,3.72,172.9,23.1,13.7
7.05,0.7,7.94,31.3,5.8,3.7
6.91,3.14,5.5,6.5,6.8,4.3
8.78,23.14,3.81,296.7,127.7,35.0
8.12,5.55,6.99,47.5,3.0,0.1
6.57,7.65,5.84,39.4,7.7,1.1
6.6,4.13,5.06,46.1,9.8,1.1
8.01,2.4,8.58,28.7,3.5,4.2
8.32,7.46,5.66,0.1,9.8,4.5
8.17,3.93,6.04,43.9,2.0,4.7
7.73,2.17,7.18,34.2,1.9,2.6
6.64,6.64,6.34,28.7,5.1,2.6
7.35,3.89,7.93,42.0,5.4,0.4
6.83,1.43,6.46,11.5,2.2,0.3
6.71,1.79,6.72,25.5,1.4,2.1
6.87,0.55,6.87,34.3,2.3,0.7
5.41,46.41,3.15,389.2,93.0,60.6
8.02,7.52,8.76,8.7,8.7,3.7
6.63,2.51,8.65,31.7,7.2,1.3
9.06,28.31,2.29,469.4,143.5,98.6
8.57,46.38,2.81,445.9,149.9,44.8
7.83,7.74,8.66,25.1,8.0,0.7
8.75,30.87,2.64,434.5,70.4,48.2
7.3,3.64,7.06,35.4,9.1,0.7
6.54,1.58,7.63,36.4,7.9,1.2
7.47,0.97,7.44,49.2,3.6,3.8
6.76,4.87,6.2,1.7,6.3,4.3
7.28,7.18,8.25,35.7,2.5,4.6
7.75,0.72,7.57,13.9,4.5,1.7
7.74,7.11,8.84,9.6,7.2,3.3
6.54,5.67,8.78,31.6,4.4,2.6
8.0,6.1,5.58,43.9,2.7,4.9
6.86,3.14,6.76,3.5,5.8,3.0
5.04,29.52,2.61,388.0,85.9,99.7
7.47,4.74,8.67,40.0,4.5,3.6
7.48,1.94,6.86,12.3,9.1,1.7
9.45,45.95,3.37,244.8,143.0,62.1
7.1,0.88,6.87,42.7,9.3,4.7
7.26,0.71,8.42,17.9,6.3,3.6
7.11,7.72,8.86,14.5,4.8,4.9
7.33,1.25,7.04,1.2,4.1,1.1
8.49,6.5,8.38,31.8,0.4,1.0
8.66,23.66,3.02,202.1,118.0,87.8
6.82,6.43,7.47,2.2,6.2,1.5
8.04,6.58,6.6,47.4,4.1,3.9
8.3,7.31,5.35,46.8,8.3,4.0
8.11,6.88,6.16,47.6,0.5,0.7
7.65,5.34,5.07,48.0,0.4,0.7
7.63,7.49,7.66,41.1,0.1,2.7
7.5,1.04,7.74,25.2,7.7,2.4
7.8,1.79,8.49,30.7,1.6,4.8
6.65,5.2,6.01,40.2,8.2,4.9
7.41,6.15,5.53,27.3,5.5,0.4
8.21,6.92,5.4,4.5,2.6,4.4
7.94,1.26,7.49,17.8,7.9,1.2
6.97,5.85,8.49,6.3,8.7,3.0
7.36,1.71,7.8,37.9,1.1,2.5
6.4,24.35,3.59,375.3,129.7,53.9
8.58,26.14,3.0,347.6,107.3,46.7
9.0,49.13,4.32,231.9,127.8,41.9
6.92,5.67,8.51,14.5,0.8,1.5
7.16,2.59,5.74,24.9,2.8,3.7
7.83,2.28,6.96,14.3,7.2,4.7
5.88,17.93,4.62,102.9,38.9,13.0
8.77,19.37,2.37,68.6,33.3,23.4
6.57,1.45,8.66,24.7,4.5,0.2
8.8,10.16,5.0,170.3,41.5,17.7
6.8,2.64,6.5,37.8,5.4,0.4
6.7,3.58,8.73,31.9,8.0,2.3
6.72,7.07,8.13,8.4,5.1,2.4
8.39,4.85,7.16,2.5,0.6,0.9
7.99,5.92,5.54,41.8,1.5,1.5
7.24,2.41,6.96,20.4,9.9,0.3
6.61,5.19,5.22,41.8,5.1,2.6
6.84,1.98,6.28,29.7,2.1,0.6
9.7,24.4,2.27,277.0,59.3,37.1
8.5,0.52,7.55,7.1,9.2,0.5
5.92,46.8,3.95,227.1,144.8,48.1
7.3,0.88,6.99,6.2,4.0,1.8
6.2,32.63,2.05,434.2,86.2,58.4
5.57,14.85,4.96,167.1,25.6,19.5
8.76,48.88,2.48,306.2,91.9,57.3
6.93,2.16,7.92,25.0,4.2,0.8
6.52,1.19,7.23,44.6,2.9,1.6
7.28,0.78,8.67,33.7,9.9,4.4
7.54,1.93,6.85,45.2,0.5,4.3
8.3,7.56,7.68,33.2,4.5,4.2
6.16,43.75,2.58,448.1,106.3,83.4
5.31,14.1,3.61,62.8,22.1,23.6
9.99,45.25,3.05,225.0,122.5,51.8
5.66,16.54,3.7,125.6,10.5,14.1
8.2,7.16,6.94,36.4,3.2,1.7
7.62,2.86,5.34,34.3,7.1,1.8
7.35,3.82,7.67,15.8,6.8,4.4
8.46,3.4,6.07,21.1,0.9,0.6
8.02,7.25,7.66,5.3,6.7,3.2
6.24,49.2,3.79,412.9,50.7,66.3
7.64,7.41,8.87,27.0,4.6,4.7
6.63,3.99,5.96,23.5,4.6,2.9
6.83,4.28,8.32,33.2,3.4,4.7
5.31,33.26,4.84,216.1,60.6,42.2
7.79,7.19,7.93,25.4,9.9,1.3
9.47,40.01,4.08,497.2,77.8,64.9
7.38,6.93,7.74,44.1,2.0,4.4
8.28,2.97,6.26,25.6,9.4,0.2
8.21,3.47,5.8,21.2,3.9,4.6
5.76,15.49,3.01,138.0,14.1,23.3
8.07,4.2,5.72,36.7,2.5,2.5
7.74,5.49,6.51,47.7,8.7,3.5
9.49,33.81,3.62,490.6,98.4,34.5
8.18,7.98,6.72,16.0,9.1,1.0
7.31,0.81,6.39,13.3,6.9,4.7
8.12,0.92,7.15,3.5,9.3,3.8
8.15,5.36,8.88,35.7,9.2,2.6
7.56,1.45,7.37,24.1,6.2,0.1
7.48,7.63,6.53,21.2,7.1,3.0
7.32,2.13,8.86,6.5,3.7,0.1
8.06,2.01,5.32,23.7,0.1,0.4
6.16,23.95,4.77,262.0,137.4,32.1
8.21,5.23,7.99,10.5,5.4,3.7
7.44,7.7,7.7,45.4,7.3,3.7
7.22,6.94,5.93,5.8,3.3,1.1
6.3,28.4,3.82,256.5,130.5,97.7
7.49,1.15,7.24,25.1,1.4,2.2
7.54,4.89,5.03,38.1,7.1,1.8
8.01,7.66,5.96,16.2,1.8,2.9
7.21,5.73,7.24,19.3,4.2,2.8
6.66,7.11,5.31,35.3,9.2,1.4
7.64,7.11,8.77,37.0,0.9,3.3
7.44,0.87,5.76,39.5,4.5,1.5
8.21,6.12,6.09,5.9,2.5,4.6
7.57,4.97,6.46,40.4,5.2,0.6
7.57,7.52,6.23,43.5,7.6,1.2
6.7,5.96,5.8,18.6,5.0,3.6
7.31,4.14,7.16,40.9,1.7,4.0
7.61,5.75,6.65,6.9,6.7,2.6
7.18,7.3,7.35,4.3,4.5,3.8
5.74,29.9,2.79,417.3,69.0,92.5
6.9,3.79,6.63,21.4,5.9,2.6
6.63,5.97,7.24,18.0,8.1,1.9
8.61,39.78,2.46,239.1,84.6,86.5
6.63,1.49,8.43,31.7,2.5,2.8
7.81,2.25,8.46,15.5,6.9,0.1
7.2,4.58,5.29,39.5,2.2,3.4
5.84,24.35,3.83,314.7,80.5,31.7
6.95,3.55,8.41,39.9,2.7,1.2
7.18,4.24,6.75,10.9,1.3,0.1
7.91,2.33,6.87,29.6,8.9,4.4
9.36,23.49,2.27,488.5,130.7,62.2
8.37,3.08,5.64,28.2,9.4,0.0
8.38,1.78,5.45,28.5,8.6,2.4
6.02,49.99,4.17,234.3,101.8,71.1
8.43,1.82,5.71,45.8,4.7,0.3
7.7,0.98,8.89,27.2,5.6,2.6
7.03,2.65,7.05,40.3,0.5,3.0
5.24,49.57,2.16,306.5,98.2,65.2
7.96,7.06,8.75,40.3,8.5,2.8
5.46,37.53,2.78,276.4,149.8,43.2
6.7,4.85,7.51,18.3,5.4,3.9
6.44,22.66,4.32,215.6,51.3,85.7
6.76,2.27,8.73,43.0,7.1,2.4
8.45,7.74,5.86,40.6,2.0,1.1
7.31,7.49,5.36,25.6,9.2,4.5
7.23,5.14,5.64,48.4,9.1,0.8
6.67,7.32,5.77,20.8,4.5,3.0
6.95,7.49,8.63,39.1,0.2,1.6
7.05,7.32,7.54,3.6,9.1,4.8
7.56,2.78,6.57,9.0,5.8,4.8
6.67,5.15,6.36,42.8,4.3,1.0
8.04,2.49,8.07,10.3,3.2,2.3
6.4,43.68,3.45,397.8,101.1,63.4
6.13,42.27,2.01,296.0,92.2,46.1
6.58,5.33,6.05,2.6,2.3,4.0
5.72,12.33,4.78,147.3,25.2,23.9
7.56,1.24,8.25,43.3,1.7,4.3
9.48,35.97,4.09,391.4,82.1,36.5
6.76,7.61,6.9,15.9,7.7,2.5
8.12,7.0,7.69,2.3,5.7,3.8
6.96,7.12,5.08,37.6,4.7,2.2
8.14,3.2,7.16,33.9,7.0,4.8
7.3,7.65,7.57,14.9,1.3,4.2
7.82,4.03,5.8,30.1,0.6,2.1
7.37,6.12,8.31,38.6,0.4,1.0
8.37,6.76,8.37,15.2,4.3,2.4
6.56,7.6,5.96,12.0,0.8,4.6
7.83,7.34,6.38,31.1,0.4,0.9
6.15,23.84,4.51,230.4,117.6,47.4
6.83,5.05,7.84,1.1,0.4,4.5
8.29,2.21,7.96,15.5,8.6,3.5
6.65,6.0,7.47,0.1,0.1,4.0
7.77,3.91,8.45,45.8,10.0,0.8
5.4,35.84,2.45,479.8,88.3,81.1
6.91,4.15,8.51,26.4,9.3,2.4
6.74,6.52,5.99,45.0,9.1,4.7
7.85,6.34,5.52,30.0,0.3,2.5
6.87,3.24,6.73,31.2,0.7,2.5
7.65,5.28,7.23,36.9,3.4,3.8
7.47,5.36,5.07,32.7,6.2,1.5
6.68,7.42,7.76,6.4,3.6,3.0
5.07,48.71,2.96,499.5,149.6,43.4
7.47,5.48,7.11,48.5,7.2,1.1
7.88,1.69,8.15,15.6,3.3,0.1
9.66,31.36,4.64,323.0,98.2,34.9
7.15,7.59,6.13,23.0,6.7,0.8
7.98,7.0,7.51,33.5,1.3,4.7
8.05,2.49,8.73,36.0,7.5,1.1
7.74,6.27,5.42,48.1,8.9,1.4
9.19,21.51,4.21,221.0,136.5,65.0
7.72,5.18,5.53,37.8,2.8,4.5
9.71,13.87,3.43,198.8,40.8,10.3
6.97,3.57,8.12,38.6,2.3,4.6
7.26,4.26,7.42,28.0,4.9,2.5
8.13,4.56,5.52,38.3,9.3,4.7
6.77,4.39,5.45,46.7,1.8,1.3
7.27,6.46,6.83,8.5,2.7,2.5
7.72,4.74,7.86,46.9,9.1,4.7
6.76,2.77,8.58,48.6,8.6,0.6
5.64,40.59,2.85,466.3,86.8,40.0
6.83,6.15,8.87,39.0,0.2,3.0
8.15,0.92,6.92,26.8,1.7,1.6
8.17,7.47,7.51,19.7,2.5,4.9
6.39,17.62,4.01,50.1,42.2,7.0
7.27,4.14,6.42,16.0,9.6,3.2
7.36,7.06,6.21,4.7,7.6,3.0
6.61,1.55,7.49,10.4,5.0,2.7
8.4,6.82,7.89,3.9,1.1,2.5
8.46,1.69,6.95,18.2,6.4,0.6
7.05,7.16,5.16,45.7,8.3,1.5
5.05,40.83,2.79,201.6,116.9,98.1
6.74,2.91,8.47,11.6,6.1,2.0
8.13,6.07,7.65,11.8,1.0,2.9
6.88,0.92,5.32,49.6,7.8,4.6
8.42,1.57,7.04,41.5,3.5,2.1
6.75,5.15,7.7,38.9,5.6,3.2
6.82,7.89,5.3,33.9,1.8,3.6
8.9,31.62,4.55,344.0,87.3,64.5
6.88,7.26,7.7,31.7,1.0,3.0
6.66,4.45,6.61,29.4,0.9,2.2
8.47,4.71,7.75,16.3,0.9,4.9
7.35,5.37,5.1,40.5,5.4,1.4
6.82,7.21,7.74,12.5,0.7,3.5
